{
  "$schema": "https://ui.shadcn.com/schema.json",
  "style": "new-york",
  "rsc": true,
  "tsx": true,
  "tailwind": {
    "config": "tailwind.config.js",
    "css": "app/globals.css",
    "baseColor": "slate",
    "cssVariables": true,
    "prefix": ""
  },
  "iconLibrary": "lucide",
  "aliases": {
    "components": "@/components/components",
    "utils": "@/components/lib/utils",
    "ui": "@/components/components/ui",
    "lib": "@/components/lib",
    "hooks": "@/components/hooks"
  },
  "registries": {
    "@smoothui": "https://smoothui.dev/r/{name}.json"
  }
}
